Image Name,Description
1.png,"The image is a cartoon illustration of Snoopy wearing a Santa hat, sitting on a red box with colorful lights, against a blue background with snowflakes."
10.png,The art style is cartoon.
100.png,The art style is cartoonish with simple lines and bright colors.
101.png,"The image is a colorful, cartoon-style illustration featuring Snoopy in various poses and expressions, with a gradient background and speech bubbles."
102.png,"The art style is colorful, cartoonish, and depicts a cheerful outdoor scene with a dog and children."
103.png,The art style is cartoon with simple lines and bright colors.
104.png,"The image uses a colorful, cartoonish art style with exaggerated features and bright colors."
105.png,This image is a cartoon.
106.png,The art style is cartoon.
107.png,This image uses a cartoon art style.
108.png,The image is a cartoon-style illustration with a simple and playful design.
109.png,The art style of this image is cartoonish with bold colors and simple lines.
11.png,The art style is colorful and cartoonish with exaggerated features.
110.png,Pop Art
111.png,"The image is a cartoon-style drawing with a green background, featuring a red doghouse with Snoopy and Charlie Brown."
112.png,This is a colorful illustration.
113.png,The art style is colorful and cartoonish with a vintage feel.
114.png,The image is a colorful and cartoonish depiction of a character from 'The Peanuts Movie' in a Halloween setting.
115.png,"The image is a cartoon with a simple, bold art style."
116.png,The art style of this image is cartoonish and whimsical.
117.png,The art style is cartoon.
118.png,This is a cartoon image.
119.png,The image is a cartoon with three characters standing in a grassy field with a wooden fence in the background.
12.png,This image uses a cartoon art style with bold outlines and bright colors.
120.png,The art style is cartoon.
121.png,The art style is cartoon.
122.png,This is an illustration.
123.png,The art style is cartoon with simple lines and bright colors.
124.png,The art style is cartoon with bold outlines and bright colors.
125.png,The art style is cartoon with a simple and colorful design.
126.png,This image uses a cartoon art style.
127.png,The image is a cartoon illustration with a blue background and white polka dots.
128.png,This is a cartoon image with a blue background and white lines.
129.png,This is a cartoon image.
13.png,The art style is cartoon with bold outlines and bright colors.
130.png,This is a cartoon poster.
131.png,The art style is cartoon with a winter theme.
132.png,The image is a colorful cartoon illustration featuring Snoopy and the Peanuts gang.
133.png,The image is a colorful cartoon illustration featuring Snoopy and the Peanuts gang.
134.png,"The image is a cartoon with a simple, clean art style, featuring bold outlines and flat colors."
135.png,Cartoon
136.png,"The image is a colorful, cartoon-style illustration featuring Snoopy and a Christmas tree."
137.png,The art style is cartoonish with exaggerated expressions and bright colors.
138.png,The art style is cartoonish with a gradient background.
139.png,"The image is a cartoon illustration of Snoopy wearing a Santa hat, sitting on a red box with colorful lights, against a blue background with snowflakes."
14.png,The art style is cartoon.
140.png,The art style is cartoon.
141.png,This image is a 3D computer animation.
142.png,This image is a cartoon.
143.png,The art style is cartoon.
144.png,This is a colorful poster of a cartoon movie.
145.png,The art style is cartoon.
146.png,The image uses a realistic and cartoonish art style to depict Snoopy and Charlie Brown from the Peanuts comic strip.
147.png,"The art style is colorful and cartoonish, featuring anthropomorphic characters in a playful setting."
148.png,The art style is cartoon.
149.png,The art style is cartoon.
15.png,This image uses a cartoon art style with vibrant colors and simple shapes.
150.png,This is a cartoon image with a blue background and white snow.
151.png,The art style is cartoon with bold outlines and bright colors.
152.png,"The image is a simple, cartoon-style illustration with minimalistic lines and a soft color palette."
153.png,The art style is cartoonish with vibrant colors and exaggerated features.
154.png,"This is a cartoon image with a night sky, full moon, and Halloween pumpkins."
155.png,The art style is cartoon.
156.png,"The art style of this image is cartoonish and colorful, featuring anthropomorphic animals in a festive setting."
157.png,The art style is cartoonish with simple shapes and bold colors.
158.png,This is a cartoon image with a blue background and white lines.
159.png,The image is a cartoon-style illustration of Snoopy with a blue background and white stars.
16.png,The art style is cartoon.
160.png,"The image is a cartoon illustration with a simple, bold line art style."
161.png,The art style is cartoon with a 3D rendering.
162.png,The art style is cartoon.
163.png,This is a cartoon image with two characters on a beach.
164.png,"This is a cartoon image with a blue starry background, a red house with a star on top, a small tree with an apple, and two characters, one wearing a hat and the other wearing a red coat."
165.png,The image is a colorful cartoon with a yellow character painting on a barren landscape.
166.png,The image is a cartoon with three characters standing in a grassy field with a wooden fence in the background.
167.png,"The image is a cartoon of Snoopy wearing a red cap and holding a baseball, with a blue sky and green trees in the background."
168.png,The image is a colorful cartoon with a pinkish sky and green grass.
169.png,This is a cartoon image with a simple and colorful art style.
17.png,The art style of this image is cartoon.
170.png,The art style is cartoon.
171.png,"The image is a cartoon with a simple, clean art style, featuring two characters in a pastoral setting."
172.png,The art style is cartoon with exaggerated features and bright colors.
173.png,The art style is cartoon.
174.png,"The image is a colorful, animated scene with a classroom setting, featuring four characters with distinct facial expressions and hairstyles."
175.png,Pop art
176.png,"The image is a colorful, cartoon-style illustration with a clear blue sky and green landscape."
177.png,This is a cartoon poster.
178.png,A poster for the Snoopy and Charlie Brown movie.
179.png,Cartoon
18.png,The art style of this image is cartoon.
180.png,"The image is a colorful, cartoon-style illustration with a clear sky, green trees, and a red house."
181.png,The art style is cartoonish with vibrant colors and exaggerated features.
182.png,The art style of this image is cartoon.
183.png,"The image is a colorful, cartoon-style illustration with a cheerful and playful tone."
184.png,This is a cartoon image.
185.png,The art style is cartoonish with vibrant colors and a space theme.
186.png,"The art style of this image is a comic strip with a cartoon character, Snoopy, in a humorous and exaggerated pose."
187.png,"The image is a colorful, cartoon-style illustration featuring three characters."
188.png,The art style is colorful and cartoonish with a whimsical autumn theme.
189.png,The art style of this image is cartoon.
19.png,The art style is cartoon.
190.png,This is a cartoon image with a simple and clean art style.
191.png,"The image is a colorful, cartoon-style illustration with a Christmas theme."
192.png,The art style is cartoon.
193.png,A poster for the movie Snoopy and Charlie Brown the Peanuts Movie.
194.png,"A cartoon dog is on a screen with the text ""The Peanuts Movie"" and ""November 6""."
195.png,This is a cartoon poster.
196.png,This image uses a cartoon art style.
197.png,The art style is cartoon.
198.png,This is a colorful cartoon image of a family sitting around a table.
199.png,The art style is cartoon.
2.png,Cartoon
20.png,The art style is cartoon.
200.png,The art style of this image is cartoon.
201.png,"This is a colorful cartoon image with a boy and a dog, and a flying character in the top right corner."
202.png,This image is a cartoon illustration.
203.png,The art style is cartoon with bold outlines and bright colors.
204.png,The art style is cartoon.
205.png,"The image is a cartoon-style illustration with a simple, clean design and bright colors."
206.png,"The image is a cartoon with a simple, colorful, and exaggerated art style."
207.png,The art style of this image is cartoon.
208.png,The art style is cartoonish with exaggerated expressions and bright colors.
209.png,The art style is cartoon with simple lines and bright colors.
21.png,"This image uses a colorful, cartoonish art style with a playful and whimsical theme."
210.png,This image uses a cartoon art style.
211.png,This is a cartoon image with a simple and colorful style.
212.png,The art style is cartoon.
213.png,"The image is a colorful, cartoon-style illustration of a cheerful character sitting at a desk."
214.png,The art style is cartoon with a simple and colorful design.
215.png,"The art style is colorful, cartoonish, and depicts a cheerful outdoor scene with a dog and children."
216.png,This is a cartoon image with a simple and clean art style.
217.png,The art style is cartoon.
218.png,"The image is a comic strip featuring Snoopy, a cartoon dog, in a blue and yellow art style."
219.png,The art style is cartoon with bold outlines and bright colors.
22.png,The art style is cartoon.
220.png,This is a colorful cartoon image with anthropomorphic dogs and a human character.
221.png,"The image is a colorful, cartoon-style illustration with a playful and whimsical feel."
222.png,"The image is a cartoon with a simple, bold, and colorful style."
223.png,The art style is cartoon with vibrant colors and exaggerated features.
224.png,The art style is cartoonish with vibrant colors and exaggerated features.
225.png,Cartoon
226.png,"This is a cartoon image with a blue starry background, a red house, and two characters, one wearing a hat and the other a red jacket."
227.png,The art style is cartoon with simple lines and bright colors.
228.png,"The art style is cartoonish with simple, bold lines and bright colors."
229.png,The art style of this image is cartoon.
23.png,The art style is colorful and cartoonish with a focus on anthropomorphic characters.
230.png,This image uses a cartoon art style with bold outlines and flat colors.
231.png,"The art style is colorful and cartoonish, featuring characters from the Peanuts comic strip."
232.png,The art style is cartoon.
233.png,"The image is a colorful, cartoon-style illustration with a Christmas theme."
234.png,The art style is cartoon.
235.png,The art style is cartoon.
236.png,"The image is a colorful, cartoon-style illustration with a playful and whimsical feel."
237.png,"The image is a cartoon with a simple, clean art style, featuring bold outlines and flat colors."
238.png,The art style is colorful and cartoonish with a Christmas theme.
239.png,This is a pop art style illustration.
24.png,The art style of this image is cartoon.
240.png,"The image is a cartoon with a blue night sky, white snowflakes, and two characters planting a tree."
241.png,"This is a cartoon image with a pink background and a white dog wearing a yellow hat and a red backpack. The text 'FANTASTIQUE SNOOPY' is written in yellow and black at the top, and 'DARGAUD' and"
242.png,This is a cartoon poster.
243.png,"The image is a colorful, cartoon-style illustration with a humorous tone."
244.png,This is a cartoon image.
245.png,The art style of this image is cartoonish with bold colors and simple shapes.
246.png,The art style is cartoon with simple lines and bright colors.
247.png,This is a cartoon image with a simple and colorful style.
248.png,The art style is colorful and cartoonish.
249.png,"The image uses a colorful, cartoonish art style with exaggerated features and bright colors."
25.png,This is a cartoon poster.
250.png,The art style is cartoon with simple lines and bright colors.
251.png,The art style is cartoon.
252.png,"The image is a cartoon with a simple, clean line art style."
253.png,This is a cartoon image.
254.png,This is a figurine.
255.png,"The image is a colorful, cartoon-style illustration featuring Snoopy and a Christmas tree."
256.png,This image is a 3D computer animation.
257.png,This image uses a cartoon art style with vibrant colors and simple shapes.
258.png,"The image is a cartoon with a dark blue sky, stars, and three characters lying on a grassy hill."
259.png,This image is a cartoon.
26.png,"The image is a colorful, animated winter scene featuring Snoopy and Woodstock."
260.png,The image is a 3D rendering of two animated characters in a friendly pose against a blue background.
261.png,The art style is cartoon.
262.png,This is a pop art style illustration.
263.png,The art style of this image is cartoon.
264.png,A cartoon character is wearing sunglasses and a red shirt.
265.png,3D computer animation
27.png,"The image is a colorful, animated depiction of a classroom scene with four characters."
28.png,This is a colorful illustration of the Peanuts movie.
29.png,The art style is cartoon.
3.png,This image is a colorful illustration of Snoopy and Woodstock in a snowy setting with Christmas decorations.
30.png,The art style is cartoon.
31.png,This image is a cartoon.
32.png,"The image is a colorful, cartoon-style illustration with a Christmas theme."
33.png,The art style of this image is cartoon.
34.png,"The image is a cartoon illustration with a simple, colorful, and playful art style."
35.png,This image uses a cartoon art style with bold outlines and bright colors.
36.png,This is a poster of a cartoon movie.
37.png,The art style is cartoon.
38.png,The art style is cartoon.
39.png,"The image is a colorful, cartoon-style illustration of children playing in the snow."
4.png,Computer generated imagery
40.png,This is a cartoon image with a girl and a dog.
41.png,The image uses a cartoonish and vibrant art style with a focus on a character in a dynamic pose.
42.png,The art style is cartoon.
43.png,"This is a cartoon image featuring anthropomorphic animals in a car, with a beach theme and a vintage feel."
44.png,"The image is a cartoon with a simple, colorful style, featuring a young boy and a dog peeking out from a doghouse."
45.png,"The image is a colorful, cartoon-style illustration featuring Snoopy and a Christmas tree."
46.png,The art style is cartoonish with a desert background and Christmas theme.
47.png,The image is a cartoon-style illustration with a blue background and white snowflakes.
48.png,"The image is a colorful, cartoon-style illustration with a whimsical and playful tone."
49.png,The art style of this image is cartoon.
5.png,The art style is cartoon with exaggerated features and bright colors.
50.png,This image is a cartoon.
51.png,"This image uses a festive, cartoonish art style with bright colors and playful characters."
52.png,The image is a cartoon with a purple background and a heart symbol.
53.png,The art style is cartoon.
54.png,This is a cartoon image.
55.png,This is a cartoon image with a blue background and white swirls.
56.png,The art style is cartoon with vibrant colors and exaggerated features.
57.png,The art style of this image is cartoon.
58.png,This is a colorful and cartoonish image of a classroom with animated characters.
59.png,"The image is a cartoon with a simple, clean art style, featuring a character with a bald head and a mustache, standing in a grassy field with a tree in the background."
6.png,"The image is a simple, cartoon-style drawing of a dog with a white body, black spots, and a red collar."
60.png,The art style is cartoon with bold colors and exaggerated features.
61.png,The art style is colorful and cartoonish.
62.png,"The image is a colorful, animated depiction of a snowy scene with two anthropomorphic characters, one holding a flower."
63.png,"This image uses a cartoon art style with simple, bold lines and bright colors."
64.png,The art style of this image is cartoonish with vibrant colors and exaggerated features.
65.png,This image uses a cartoon art style.
66.png,The image is a cartoon with a warm color palette and a rustic barn setting.
67.png,This is a cartoon image.
68.png,The art style is cartoonish with bold outlines and bright colors.
69.png,The art style of this image is cartoonish with bold outlines and bright colors.
7.png,The art style is cartoonish with bold outlines and bright colors.
70.png,The art style is cartoon.
71.png,"This image uses a simple, cartoonish art style with bold outlines and flat colors."
72.png,The art style of this image is cartoonish with bold colors and simple lines.
73.png,The art style is cartoon with a warm color palette.
74.png,The art style is cartoon.
75.png,"The image is a colorful, cartoon-style illustration of a cheerful character sitting at a desk."
76.png,The image is a 3D computer-generated image of two cartoon characters.
77.png,The art style is cartoon.
78.png,The art style is cartoon with a 3D rendering.
79.png,This image uses a cartoon art style with vibrant colors and exaggerated features.
8.png,"The image is a colorful, cartoon-style illustration featuring three characters."
80.png,The art style is cartoon.
81.png,"The image uses a colorful, cartoonish art style with exaggerated features and vibrant colors."
82.png,"The image is a colorful, cartoon-style illustration of children playing in the snow."
83.png,The art style is cartoon.
84.png,This is a colorful cartoon image with anthropomorphic dogs and a human character.
85.png,The art style is cartoon.
86.png,This is a cartoon image.
87.png,"The image is a cartoon of Snoopy with a blue sky, green grass, and a tree."
88.png,"The image is a cartoon with a simple, expressive art style."
89.png,The art style is colorful and cartoonish with a whimsical autumn theme.
9.png,"The image is a simple, cartoon-style illustration of Snoopy with a purple background."
90.png,"The art style of this image is cartoonish and colorful, with exaggerated features and bright colors."
91.png,This is a colorful cartoon image.
92.png,The art style of this image is cartoon.
93.png,The art style is cartoonish with bold colors and simple shapes.
94.png,The art style is cartoon.
95.png,This is a colorful illustration of Snoopy from the Peanuts Movie.
96.png,The art style is cartoon.
97.png,"The art style is colorful and cartoonish with a vibrant, neon-lit background."
98.png,"The image is a cartoon with a simple, bold, and colorful art style."
99.png,The art style is cartoonish with bold black outlines and minimal color.
